Num Groups,Average EMD,EMD Estimation Time,EMD CSV File
1,0.2388597106216219,38.645305156707764,EMD-GROUP-SEL/EMD_SOLO_nGroup1.csv
2,0.23894452568919153,77.3075430393219,EMD-GROUP-SEL/EMD_SOLO_nGroup2.csv
10,0.23971487601081357,249.15055894851685,EMD-GROUP-SEL/EMD_SOLO_nGroup10.csv
50,0.24358966514757024,263.97190713882446,EMD-GROUP-SEL/EMD_SOLO_nGroup50.csv
200,0.2538274740604079,431.7408721446991,EMD-GROUP-SEL/EMD_SOLO_nGroup200.csv
500,0.2655111498329212,873.2865200042725,EMD-GROUP-SEL/EMD_SOLO_nGroup500.csv
1000,0.2772580200817316,1579.791699886322,EMD-GROUP-SEL/EMD_SOLO_nGroup1000.csv
